{
	"credit": "Made with Blockbench",
	"textures": {
		"3": "block/furnaces/furnace/furnace_front1",
		"4": "block/furnaces/furnace/furnace_front2",
		"particle": "block/furnaces/furnace/furnace_top",
		"top": "block/furnaces/furnace/furnace_top",
		"front": "block/furnaces/furnace/furnace_front",
		"side": "block/furnaces/furnace/furnace_side"
	},
	"elements": [
		{
			"from": [0, 0, 1],
			"to": [16, 16, 16],
			"faces": {
				"north": {"uv": [0, 0, 16, 16], "texture": "#4"},
				"east": {"uv": [0, 0, 15, 16], "texture": "#side"},
				"south": {"uv": [0, 0, 16, 16], "texture": "#side"},
				"west": {"uv": [1, 0, 16, 16], "texture": "#side"},
				"up": {"uv": [0, 1, 16, 16], "texture": "#top"},
				"down": {"uv": [0, 0, 16, 15], "texture": "#top"}
			}
		},
		{
			"from": [0, 0, 0],
			"to": [16, 1, 1],
			"faces": {
				"north": {"uv": [0, 15, 16, 16], "texture": "#front"},
				"east": {"uv": [15, 15, 16, 16], "texture": "#side"},
				"south": {"uv": [0, 15, 16, 16], "texture": "#missing"},
				"west": {"uv": [0, 15, 1, 16], "texture": "#side"},
				"up": {"uv": [0, 9, 16, 10], "texture": "#3"},
				"down": {"uv": [0, 15, 16, 16], "texture": "#top"}
			}
		},
		{
			"from": [0, 1, 0],
			"to": [3, 3, 1],
			"faces": {
				"north": {"uv": [13, 13, 16, 15], "texture": "#front"},
				"east": {"uv": [13, 13, 14, 15], "texture": "#3"},
				"south": {"uv": [0, 13, 3, 15], "texture": "#missing"},
				"west": {"uv": [0, 13, 1, 15], "texture": "#side"},
				"up": {"uv": [0, 0, 3, 1], "texture": "#missing"},
				"down": {"uv": [0, 15, 3, 16], "texture": "#missing"}
			}
		},
		{
			"from": [13, 1, 0],
			"to": [16, 3, 1],
			"faces": {
				"north": {"uv": [0, 13, 3, 15], "texture": "#front"},
				"east": {"uv": [15, 13, 16, 15], "texture": "#side"},
				"south": {"uv": [13, 13, 16, 15], "texture": "#missing"},
				"west": {"uv": [2, 13, 3, 15], "texture": "#3"},
				"up": {"uv": [13, 0, 16, 1], "texture": "#missing"},
				"down": {"uv": [13, 15, 16, 16], "texture": "#missing"}
			}
		},
		{
			"from": [12, 3, 0],
			"to": [16, 4, 1],
			"faces": {
				"north": {"uv": [0, 12, 4, 13], "texture": "#front"},
				"east": {"uv": [15, 12, 16, 13], "texture": "#side"},
				"south": {"uv": [12, 12, 16, 13], "texture": "#missing"},
				"west": {"uv": [3, 12, 4, 13], "texture": "#3"},
				"up": {"uv": [12, 0, 16, 1], "texture": "#missing"},
				"down": {"uv": [12, 12, 16, 13], "texture": "#3"}
			}
		},
		{
			"from": [12, 12, 0],
			"to": [16, 13, 1],
			"faces": {
				"north": {"uv": [0, 3, 4, 4], "texture": "#front"},
				"east": {"uv": [15, 3, 16, 4], "texture": "#side"},
				"south": {"uv": [12, 3, 16, 4], "texture": "#missing"},
				"west": {"uv": [3, 5, 4, 6], "texture": "#3"},
				"up": {"uv": [12, 0, 16, 1], "texture": "#missing"},
				"down": {"uv": [3, 5, 4, 6], "texture": "#3"}
			}
		},
		{
			"from": [0, 12, 0],
			"to": [4, 13, 1],
			"faces": {
				"north": {"uv": [12, 3, 16, 4], "texture": "#front"},
				"east": {"uv": [12, 5, 13, 6], "texture": "#3"},
				"south": {"uv": [0, 3, 4, 4], "texture": "#missing"},
				"west": {"uv": [0, 3, 1, 4], "texture": "#side"},
				"up": {"uv": [0, 0, 4, 1], "texture": "#missing"},
				"down": {"uv": [12, 5, 13, 6], "texture": "#3"}
			}
		},
		{
			"from": [0, 3, 0],
			"to": [4, 4, 1],
			"faces": {
				"north": {"uv": [12, 12, 16, 13], "texture": "#front"},
				"east": {"uv": [12, 12, 13, 13], "texture": "#3"},
				"south": {"uv": [0, 12, 4, 13], "texture": "#missing"},
				"west": {"uv": [0, 12, 1, 13], "texture": "#side"},
				"up": {"uv": [0, 0, 4, 1], "texture": "#missing"},
				"down": {"uv": [12, 12, 16, 13], "texture": "#3"}
			}
		},
		{
			"from": [11, 4, 0],
			"to": [16, 5, 1],
			"faces": {
				"north": {"uv": [0, 11, 5, 12], "texture": "#front"},
				"east": {"uv": [15, 11, 16, 12], "texture": "#side"},
				"south": {"uv": [11, 11, 16, 12], "texture": "#missing"},
				"west": {"uv": [4, 11, 5, 12], "texture": "#3"},
				"up": {"uv": [11, 0, 16, 1], "texture": "#missing"},
				"down": {"uv": [11, 11, 16, 12], "texture": "#3"}
			}
		},
		{
			"from": [0, 4, 0],
			"to": [5, 5, 1],
			"faces": {
				"north": {"uv": [11, 11, 16, 12], "texture": "#front"},
				"east": {"uv": [11, 11, 12, 12], "texture": "#3"},
				"south": {"uv": [0, 11, 5, 12], "texture": "#missing"},
				"west": {"uv": [0, 11, 1, 12], "texture": "#side"},
				"up": {"uv": [0, 0, 5, 1], "texture": "#missing"},
				"down": {"uv": [11, 11, 16, 12], "texture": "#3"}
			}
		},
		{
			"from": [0, 5, 0],
			"to": [16, 9, 1],
			"faces": {
				"north": {"uv": [0, 7, 16, 11], "texture": "#front"},
				"east": {"uv": [15, 7, 16, 11], "texture": "#side"},
				"south": {"uv": [0, 7, 16, 11], "texture": "#missing"},
				"west": {"uv": [0, 7, 1, 11], "texture": "#side"},
				"up": {"uv": [0, 9, 16, 10], "texture": "#3"},
				"down": {"uv": [0, 10, 16, 11], "texture": "#3"}
			}
		},
		{
			"from": [0, 13, 0],
			"to": [16, 16, 1],
			"faces": {
				"north": {"uv": [0, 0, 16, 3], "texture": "#front"},
				"east": {"uv": [15, 0, 16, 3], "texture": "#side"},
				"south": {"uv": [0, 0, 16, 3], "texture": "#missing"},
				"west": {"uv": [0, 0, 1, 3], "texture": "#side"},
				"up": {"uv": [0, 0, 16, 1], "texture": "#top"},
				"down": {"uv": [0, 9, 16, 10], "texture": "#3"}
			}
		},
		{
			"from": [13, 9, 0],
			"to": [16, 12, 1],
			"faces": {
				"north": {"uv": [0, 4, 3, 7], "texture": "#front"},
				"east": {"uv": [15, 4, 16, 7], "texture": "#side"},
				"south": {"uv": [13, 4, 16, 7], "texture": "#missing"},
				"west": {"uv": [2, 5, 3, 8], "texture": "#3"},
				"up": {"uv": [13, 0, 16, 1], "texture": "#missing"},
				"down": {"uv": [13, 15, 16, 16], "texture": "#missing"}
			}
		},
		{
			"from": [0, 9, 0],
			"to": [3, 12, 1],
			"faces": {
				"north": {"uv": [13, 4, 16, 7], "texture": "#front"},
				"east": {"uv": [13, 5, 14, 8], "texture": "#3"},
				"south": {"uv": [0, 4, 3, 7], "texture": "#missing"},
				"west": {"uv": [0, 4, 1, 7], "texture": "#side"},
				"up": {"uv": [0, 0, 3, 1], "texture": "#missing"},
				"down": {"uv": [0, 15, 3, 16], "texture": "#missing"}
			}
		}
	]
}