{
	"credit": "Made with Blockbench",
	"ambientocclusion": false,
	"textures": {
		"jar": "./terrarium",
		"inside": "./terrarium_flax",
		"particle": "minecraft:block/hay_block"
	},
	"elements": [
		{
			"from": [4, 0, 4],
			"to": [12, 12, 12],
			"faces": {
				"north": {"uv": [0, 4, 8, 16], "texture": "#jar"},
				"east": {"uv": [0, 4, 8, 16], "texture": "#jar"},
				"south": {"uv": [0, 4, 8, 16], "texture": "#jar"},
				"west": {"uv": [0, 4, 8, 16], "texture": "#jar"},
				"up": {"uv": [8, 0, 16, 8], "texture": "#jar"},
				"down": {"uv": [8, 8, 16, 16], "texture": "#jar"}
			}
		},
		{
			"from": [5, 10, 5],
			"to": [11, 13, 11],
			"faces": {
				"north": {"uv": [0, 0, 6, 3], "texture": "#jar"},
				"east": {"uv": [0, 0, 6, 3], "texture": "#jar"},
				"south": {"uv": [0, 0, 6, 3], "texture": "#jar"},
				"west": {"uv": [0, 0, 6, 3], "texture": "#jar"},
				"up": {"uv": [9, 1, 15, 7], "texture": "#jar"},
				"down": {"uv": [9, 1, 15, 7], "texture": "#jar"}
			}
		},
		{
			"from": [5, 1, 5],
			"to": [11, 5, 11],
			"faces": {
				"north": {"uv": [0, 12, 6, 16], "texture": "#inside"},
				"east": {"uv": [0, 12, 6, 16], "texture": "#inside"},
				"south": {"uv": [0, 12, 6, 16], "texture": "#inside"},
				"west": {"uv": [0, 12, 6, 16], "texture": "#inside"},
				"up": {"uv": [10, 0, 16, 6], "texture": "#inside"},
				"down": {"uv": [10, 10, 16, 16], "texture": "#inside"}
			}
		},
		{
			"from": [4, 5, 8],
			"to": [12, 10, 8],
			"rotation": {"angle": -45, "axis": "y", "origin": [8, 8, 8]},
			"faces": {
				"north": {"uv": [0, 0, 8, 5], "texture": "#inside"},
				"south": {"uv": [0, 0, 8, 5], "texture": "#inside"}
			}
		},
		{
			"from": [4, 5, 8],
			"to": [12, 10, 8],
			"rotation": {"angle": 45, "axis": "y", "origin": [8, 8, 8]},
			"faces": {
				"north": {"uv": [0, 0, 8, 5], "texture": "#inside"},
				"south": {"uv": [0, 0, 8, 5], "texture": "#inside"}
			}
		}
	],
	"display": {
		"thirdperson_righthand": {
			"translation": [0, 0, -2],
			"scale": [0.5, 0.5, 0.5]
		},
		"firstperson_righthand": {
			"scale": [0.5, 0.5, 0.5]
		},
		"fixed": {
			"rotation": [-90, 0, 0],
			"translation": [0, 0, -14],
			"scale": [2, 2, 2]
		}
	}
}